sgamename,origin
tradewindscaravans,14.98999977
tomclancysrainbowsixvegasii,9.989999771
painkilleroverdose,4.989999771
chodengekistryker,34.99000168
assassinscreedivblackflagillustriouspiratespack,6.989999771
unwellmel,9.989999771
zambbiomutantextermination,19.98999977
magickanippondlc,0.99000001
airconflictsvietnam,29.98999977
grandagesromegold,14.98999977
mylandselfrangerartifactdlcpack,89.98999786
viiwonderstreasuresofseven,9.989999771
judgedredddreddvsdeath,7.989999771
whisperingwillows,14.98999977
tomclancysghostreconadvancedwarfighterii,9.989999771
hitmancontracts,6.989999771
findingteddy,6.989999771
risen,9.989999771
ducktalesremastered,14.98999977
spaceforcerogueuniverse,4.989999771
supremecommanderforgedalliance,14.98999977
sidmeierscivilizationvbravenewworld,29.98999977
satazius,5.989999771
totalwarmastercollection,119.9899979
romanceofrome,9.989999771
condemnedcriminalorigins,14.98999977
earthiiiv0trilogy,6.989999771
selknamdefense,9.989999771
deadhorde,9.989999771
stilllifeii,7.989999771
chrome,4.989999771
shannontweedsattackofgroupies,4.989999771
deusexhumanrevolutiondirectorscut,19.98999977
hauntedhellsreachfourpack,59.97000122
acitysleeps,14.98999977
gogonipponmyfirsttriptojapan,9.949999809
crusaderkingsiisonsofabraham,9.989999771
cargocommander,9.989999771
questofdungeons,4.989999771
menofwarassaultsquadgameofyearedition,19.98999977
nextbigthing,9.989999771
puzzlerworld,4.989999771
drakensang,9.989999771
babelrising,9.989999771
airlinetycooniigoldedition,29.98999977
piratesofblackcove,9.989999771
divinityiideveloperscut,19.98999977
hitmancodenameivvii,6.989999771
maxpayneiiilocaljusticepack,3.99000001
princeofpersiaforgottensands,9.989999771
incredipede,9.989999771
awesomenautstropicalthunderdlcbundle,5.989999771
nicolaseymerichinquisitorbookiplague,9.989999771
middleearthshadowofmordor,49.99000168
farmfrenzypack,24.98999977
deusexinvisiblewar,6.989999771
gun,19.98999977
spacetradermerchantmarine,14.98999977
blockland,9.989999771
frontmissionevolved,9.989999771
fullspectrumwarrior,9.989999771
crew,59.99000168
tombraiderunderworld,8.989999771
simsiii,14.98999977
nosferatuwrathofmalachi,9.989999771
clockworkman,6.989999771
lordsoffootballroyaledition,19.98999977
buildalotii,9.989999771
princeofpersiasandsoftime,9.989999771
xiiicenturygoldedition,12.48999977
secretfilesiii,19.98999977
rusedlcii,6.989999771
radicalroachdeluxeedition,6.989999771
gridautosportseasonpass,29.98999977
shatteredplanet,14.98999977
napoleontotalwar,14.98999977
pixeljunkedensoundtrackbundle,14.98999977
deusexcollection,32.99000168
ibomberdefensepacific,4.989999771
snipereliteviineudorfoutpostpack,4.989999771
borderlandsii,19.98999977
devilmaycryiv,19.98999977
mevoandgrooveriders,4.989999771
oilrush,9.989999771
armadaiiviivi,14.98999977
marswarlogs,14.98999977
metalslugx,7.989999771
darksoulsii,39.99000168
houseofi000doorsfamilysecrets,9.989999771
elminagegothic,9.989999771
transformersfallofcybertronmassivefurypack,9.989999771
pixeljunkmonstersultimateiipack,16.98999977
bioshock,19.98999977
spacechannelvpartii,7.989999771
renegadeops,15
swordofstarsiienhancededition,19.98999977
sengoku,9.989999771
hexus,4.989999771
pineviewdrive,19.98999977
sangfroidtalesofwerewolves,14.98999977
laracroftandtempleofosirisseasonpassincluded,28.98999977
styxmasterofshadows,29.98999977
prototype,19.98999977
justcauseiidlccollection,6.989999771
trainzsimulatoriiiprrti,9.989999771
strongholdiiigold,29.98999977
carmechanicsimulatorii0iiv,19.98999977
skullsofshogunivpack,29.98999977
avalleywithoutwindiandiidualpackfourpack,44.99000168
gunmetal,9.989999771
gunsoficarusonline,14.98999977
starwolvesiiicivilwar,14.98999977
bridgeproject,19.98999977
paydayiifourpack,89.98999786
goodbyedeponia,19.98999977
grandagesromereignofaugustus,6.989999771
trineiicompletestoryiiipack,39.99000168
tropicoiiigoldedition,14.98999977
farcryii,9.989999771
melissakandheartofgoldcollectorsedition,9.989999771
nightmaresfromdeepcursedheart,7.989999771
adventurepark,29.98999977
totalwarshoguniicollection,49.99000168
masseffectii,19.98999977
mylandsageofprosperitypremiumdlcpack,19.98999977
pandoracollection,34.99000168
annoii0vii0dlccompletepack,14.98999977
darksoulspreparetodieedition,19.98999977
codenamepanzerscoldwar,9.989999771
residentevilv,19.98999977
deathtospies,4.989999771
majestyiicollection,19.98999977
tinytroopers,4.989999771
confrontation,19.98999977
binarydomain,14.98999977
mirrormysteriesii,4.989999771
achronplussoundtrack,24.97999954
mylandsminersluckextendeddlcpack,49.99000168
supremerulercoldwar,9.989999771
battleworldskronosdigitaldeluxeedition,24.98999977
tomclancyssplintercellconviction,19.98999977
farmingsimulatoriv,29.98999977
nikopolsecretsofimmortals,4.989999771
jackkeaneiifirewithin,29.98999977
kerbalspaceprogram,29.98999977
legacyofkaindefiance,6.989999771
menofwar,9.989999771
portroyaleiiidawnofpiratesdlc,4.989999771
ihfhandballchallengeiii,9.989999771
neverwinterguardianofneverwinterpack,59.99000168
wormsrevolutionseasonpass,14.98999977
viiwondersofancientworld,6.989999771
citiesinmotionstpetersburg,4.989999771
anachronox,6.989999771
fantasygroundssunderedskiesrace,7.989999771
adventurezatorwhenpigsfly,14.98999977
proevolutionsoccerii0iiv,29.98999977
fastandfuriousshowdown,29.98999977
innerworld,14.98999977
kingarthurroleplayingwargame,9.989999771
bladekitten,5.989999771
wolfensteinneworder,59.99000168
agameofdwarves,9.989999771
starruler,14.98999977
assassinscreedrevelationsmediterraneantravelermappack,9.989999771
alienspidy,9.989999771
menofwarcollectorpack,44.99000168
galacticcivilizationsiii,49.99000168
dayofdefeat,4.989999771
themsummoning,6.989999771
kingsbountydarksidepremiumedition,29.98999977
memoria,19.98999977
syberia,9.989999771
realmsofarkaniatrilogyclassicbundle,9.989999771
totalwarbattlesshogun,4.989999771
axisgamefactorysagfprozombiefpsplayerdlc,14.98999977
dreadnoughtpack,39.99000168
eastindiacompanypiratebay,4.989999771
stellarimpact,9.989999771
earthiiiiv0,4.989999771
stacking,9.989999771
residentevilvi,39.99000168
crazymachineselementsdlcgadgetfuntrickyriddles,2.99000001
laracroftandtempleofosirisivpack,59.97000122
rpgmakerdungeonmusicpack,9.989999771
trinecompletecollection,24.98999977
daedalicadventurebundle,49.99000168
farcryiv,59.99000168
prorugbymanagerii0iv,39.99000168
gauntletivpack,59.99000168
sherlockholmescrimesandpunishments,39.99000168
dungeondashers,9.989999771
farmfrenzy,4.989999771
motogpiiv,39.99000168
tomclancysghostreconfuturesoldierseasonpass,24.98999977
axisgamefactorypluszombiefpsandfantasysidescrollerplayer,39.99000168
ironroses,6.989999771
saintsrowivgameofcenturyedition,29.98999977
deponia,19.98999977
twoworldsii,19.98999977
notimetoexplain,4.989999771
badbots,4.989999771
tombraidersurvivaledition,24.98999977
governorofpokeriipremiumedition,19.98999977
mylandsherocourageextendeddlcpack,99.98999786
discoveryaseekandfindadventure,4.989999771
dark,39.99000168
stalkercallofpripyat,19.98999977
helldorado,9.989999771
dungeonsdarklord,19.98999977
maxpayneiiideathmatchmadeinheavenpack,4.989999771
eurotrucksimulatoriiirishpaintjobspack,0.99000001
ufoaftermath,4.989999771
avernumiv,4.989999771
xblades,9.989999771
towerwarsteampack,19.98999977
superchaincrusherhorizon,14.98999977
viiwondersii,9.989999771
farcryiii,29.98999977
crazymachinesiihalloween,2.99000001
axisgamefactorypremium,79.98999786
deathandfly,9.989999771
millenniumiitakemehigher,5.989999771
heavyfireafghanistan,4.989999771
tycooncitynewyork,9.989999771
warlockiiexiled,29.98999977
panzertacticshd,9.989999771
roguelegacy,14.98999977
grandtheftautoiii,9.989999771
dawnofdiscovery,9.989999771
operationflashpointcomplete,19.98999977
strikesuitzero,19.98999977
defensegridii,24.98999977
kickassii,24.98999977
geminilost,6.989999771
silverfall,9.989999771
elderscrollsonline,59.99000168
citadels,39.99000168
oddboxx,9.989999771
velvetassassin,4.989999771
farmfrenzyiiiamericanpie,9.989999771
silverfallearthawakening,9.989999771
dishonoredknifeofdunwall,9.989999771
ruse,9.989999771
killbadguy,14.98999977
ciddummy,1.99000001
alienbreedimpact,9.989999771
nucleardawnfourpack,29.98999977
residentevilrevelations,49.99000168
specopsline,29.98999977
robinsislandadventure,4.989999771
secretfilesiipuritascordis,4.989999771
pacmanchampionshipeditiondxpluspacisbackskin,1.99000001
wasteland,9.989999771
crusaderkingsiicollection,159.9900055
guildiipiratesofeuropeanseas,9.989999771
warhammeriv0000dawnofwariichaosrising,19.98999977
borderlandsmadmoxxisunderdomeriot,9.989999771
yarsrevenge,9.989999771
maxpayne,9.989999771
luxoriii,9.989999771
assassinscreedrevelationsgoldedition,29.98999977
waroperations,3.99000001
ooziearthadventure,4.989999771
rpgmakeradventurersjourneyiii,4.989999771
starwolvesii,9.989999771
shankii,9.989999771
crawl,9.989999771
batmanarkhamoriginsseasonpass,19.98999977
kingscrusade,9.989999771
waves,4.989999771
litecamhdsupereasyvideocapture,32.99000168
gridii,29.98999977
anotherperspective,5.989999771
assassinscreedfreedomcry,14.98999977
disciplesiiigoldedition,29.98999977
rpgmakeremporiumofcopperandsteel,19.98999977
stealthbastarddeluxe,9.989999771
alanwakesamericannightmare,9.989999771
ufoafterlight,6.989999771
oforcsandmen,29.98999977
qube,14.98999977
goldrushclassic,5.989999771
strongholdiii,39.99000168
ultrastreetfighteriv,29.98999977
darkvoid,9.989999771
evilgenius,9.989999771
eurotrucksimulatoriigoingeast,12.98999977
minininjas,9.989999771
redfactionarmageddon,19.98999977
dungeonsdragonschroniclesofmystara,14.98999977
glowfish,9.989999771
ibomberdefense,4.989999771
omikronnomadsoul,9.989999771
aimiiclanwars,4.989999771
streetracingsyndicate,9.989999771
wormscrazygolffunpack,24.98999977
commanderconquestofamericas,9.989999771
airportsimulatorii0iiv,14.98999977
baldursgateenhancededition,19.98999977
citiesinmotionlondon,4.989999771
disciplesiigold,9.989999771
sniperelitenazizombiearmyii,14.98999977
guardiansofmiddleearth,19.98999977
pacmanchampionshipeditiondxpluschampionshipiiiandhighwayiicourses,1.99000001
ascensiontothrone,4.989999771
saintsrowiventerdominatrix,3.99000001
supremecommanderii,12.98999977
alienbreedtrilogy,22.98999977
sniperelitenazizombiearmy,14.98999977
xcomenemywithin,29.98999977
holidayexpress,19.98999977
drawnpaintedtower,9.989999771
menofwarvietnamspecialedition,24.98999977
warhammeriv0000dawnofwariimastercollection,54.99000168
redneckracers,3.99000001
rpgmakertylerwarrensiiirdv0battlerpack,7.989999771
ravenscry,54.99000168
imperiumromanumgoldedition,9.989999771
roundabout,14.98999977
finalexam,9.989999771
secretfilestunguska,9.989999771
littlefarm,9.989999771
ironcladtactics,14.98999977
unityofcommandtrilogybundle,29.98999977
tomclancysrainbowsixlockdown,9.989999771
ironcladtacticsiipack,22.48999977
mementomori,12.98999977
tomclancyssplintercellblacklist,29.98999977
silenthuntervbattleofatlantic,9.989999771
tropicoiii,9.989999771
kaneandlynchdeadmen,18.73999977
fantasywars,14.98999977
batmanarkhamasylumgotyedition,19.98999977
kingsbountydarkside,24.98999977
adamsventureepisodeisearchforlostgarden,4.989999771
lordofringswarinnorth,19.98999977
testdriveferrariracinglegends,19.98999977
defendersofardaniacollection,12.98999977
inquisitor,9.989999771
warforoverworldbedrockbeta,29.98999977
bloodbath,19.98999977
europauniversalisiiimusicofworld,4.989999771
pressured,2.99000001
stilllife,7.989999771
secretworld,29.98999977
sonicgenerations,29.98999977
substanceindiepack,249.9900055
borderlandsiicreatureslaughterdome,4.989999771
viviiiviiiihunterkiller,19.98999977
totalprogolfiii,19.98999977
dollardash,9.989999771
eurotrucksimulatoriiscottishpaintjobspack,0.99000001
hitmanabsolution,19.98999977
trialsfusionseasonpass,19.98999977
watchdogsseasonpass,19.98999977
iliisturmovikcliffsofdover,9.989999771
facerigpro,64.98999786
depthhunteriideepdive,14.98999977
contraptionmaker,14.98999977
gameofthronesspecialedition,19.98999977
disciplesiiirenaissance,19.98999977
warofroseskingmakerfourpack,59.99000168
grandagesrome,14.98999977
sherlockholmesandhoundofbaskervilles,9.989999771
magixsamplitudemusicstudioii0iiv,99.98999786
empressofdeepiisongofbluewhale,4.989999771
arcaniagoldedition,29.98999977
sidmeierscivilizationivcolonization,19.98999977
tropicoivcollectorsbundle,39.99000168
europauniversalisiv,39.99000168
rememberme,29.98999977
spellforceiigoldedition,14.98999977
reallybigsky,4.989999771
wargamereddragon,39.99000168
typingofdeadthoufilthylovecollection,24.98999977
bloodbowlchaosedition,29.98999977
bluetoadmurderfilesmysteriesoflittleriddle,4.489999771
whereangelscry,6.989999771
costumequest,9.989999771
darknessiifourpack,89.98999786
rpgmakerpixelmythgermania,19.98999977
coconutqueen,9.989999771
assassinscreedunity,59.99000168
quakeiv,19.98999977
legendsofpersia,19.98999977
cradleofrome,9.989999771
southparkstickoftruthultimatefellowshippack,2.99000001
professionalfarmerii0iivplatinumedition,24.98999977
agriculturalsimulatorhistoricalfarming,14.98999977
riskofrain,9.989999771
trainzsimulatoriii,29.98999977
dungeonofendlesspixeltofounderupgrade,7.989999771
brigadeevnewjaggedunion,3.99000001
ibomberattack,5.989999771
elvenlegacy,4.989999771
blazingangelssquadronsofwwii,9.989999771
trainztrouble,4.989999771
kingsbountywarriorsofnorthiceandfiredlc,9.989999771
tropicoviipack,69.98999786
earthiiivi0,4.989999771
emergencyii0iii,9.989999771
dreampinballiiid,6.989999771
legobatmaniidcsuperheroes,26.98999977
projectroot,9.989999771
forglory,9.989999771
drdaisypetvet,9.989999771
magicka,9.989999771
towtrucksimulatorii0iv,14.98999977
overix000zombiesiipack,11.98999977
emergencyii0iiii,29.98999977
hexodius,9.989999771
crazymachinesiicompletepack,29.98999977
riptrilogy,1.24000001
crazymachinesiibacktoshopaddon,4.989999771
princeofpersia,9.989999771
cakemania,14.98999977
farmfrenzyiv,6.989999771
witcherenhancededitiondirectorscut,9.989999771
heroesofmightandmagicvhammersoffate,9.989999771
mylandsminersluckstarterdlcpack,8.989999771
woodensensey,9.989999771
tropicovivpack,119.9899979
flyn,9.989999771
mightandmagicxlegacydigitaldeluxeedition,29.98999977
symphony,8.989999771
rotastic,9.989999771
darknessii,29.98999977
nightshiftcode,6.989999771
dungeonsiegeii,6.989999771
portroyaleiii,24.98999977
rccars,4.989999771
airconflictsvietnamivpack,89.98999786
goatsimulator,9.989999771
finalfantasyxiii,15.98999977
alienscolonialmarinesmoviemappack,9.989999771
companyofheroesopposingfronts,19.98999977
jaggedalliancecollectorsbundle,39.99000168
shipsimulatorextremesinlandshipping,7.989999771
twotribesbundle,19.98999977
avadoniicorruption,9.989999771
bloodbowldarkelvesedition,11.98999977
guildiirenaissance,9.989999771
bladesoftimelimitededition,29.98999977
mightyquestforepiclootdefenderpack,14.98999977
offroaddrive,14.98999977
breachandclear,14.98999977
commanderconquestofamericaspiratetreasurechest,4.989999771
ironskyinvasion,19.98999977
walkingdead,24.98999977
princessisabella,4.989999771
alanwake,29.98999977
hitmanabsolutiondlccollection,6.489999771
nightofrabbit,19.98999977
thief,29.98999977
sanctumivpack,29.98999977
strikesuitzerodirectorscut,19.98999977
citiesxlii0ii,19.98999977
europauniversalisiiicollection,39.99000168
mountbladecollection,34.99000168
ravenscrydigitaldeluxeedition,59.99000168
falloutnewvegas,9.989999771
bookofunwrittentalesii,29.98999977
earthwormjimcollection,7.989999771
segabassfishing,7.989999771
voodoowhisperercurseofalegend,4.989999771
pressure,9.989999771
mysterycasefileshuntsville,9.989999771
rometotalwarcollection,12.98999977
virtuatennisiv,14.98999977
warhammeriv0000dawnofwariigrandmastercollection,79.98999786
amazingspiderman,49.99000168
midnightmysteriesivhauntedhoudini,9.989999771
nightsintodreams,9.989999771
portroyaleiiiharbourmasterdlc,4.989999771
jaggedalliancecrossfire,19.98999977
masseffect,19.98999977
zenoclash,9.989999771
hiddenexpeditiontitanic,9.989999771
spellforceiifaithindestinyscenariobundle,9.989999771
vectorthrust,14.98999977
sonarxiiiproducerupgrade,299.9899902
assassinscreedivblackflagfreedomcry,9.989999771
samanthaswiftandgoldentouch,9.989999771
tomclancyssplintercell,9.989999771
gettysburgarmoredwarfare,9.989999771
assassinscreedivblackflagseasonpass,19.98999977
awesomenautsmeanandgreendlcbundle,5.989999771
dungeonofelements,9.989999771
mirrorsedge,19.98999977
ufoextraterrestrialsgold,9.989999771
crazymachinesiihappynewyeardlc,2.99000001
magickawizardwarsimpressivefounderpack,49.99000168
saintsrowthird,14.98999977
huntersofdead,4.989999771
necronomicondawningofdarkness,4.989999771
sinemora,9.989999771
forest,14.98999977
nidhogg,14.98999977
aloneindarknewnightmare,6.989999771
buildalotiv,9.989999771
salvationprophecy,19.98999977
sidmeierscivilizationivwarlords,4.989999771
massiveassaultnetworkii,14.98999977
igtslotsparadisegarden,19.98999977
companyofheroesii,39.99000168
crazymachinesiiinvadersfromspaceiindwavedlc,2.99000001
mindpathtothalamus,12.98999977
foulplayiipack,24.98999977
theatreofwariikurskiixiviii,19.98999977
gametycooniv,9.989999771
worldofanimalspetsnpalscollection,29.98999977
raymanlegends,39.99000168
evilwithinseasonpass,19.98999977
xcomenemyunknown,29.98999977
pacmanchampionshipeditiondxplusdigdugskin,1.99000001
bridgeconstructormedieval,9.989999771
swordofstarscompletecollection,9.989999771
farcryiiideluxeedition,39.99000168
ethanmeteorhunter,9.989999771
victoriaii,19.98999977
omertacityofgangsters,19.98999977
lastremnant,9.989999771
banished,19.98999977
darkeyeuniversebundle,59.99000168
citiesinmotionparis,4.989999771
draculaiilastsanctuary,4.989999771
fiii0iiv,49.99000168
ofguardsandthievesivpack,44.99000168
fordracingiii,4.989999771
freakingmeatbags,9.989999771
starwolves,4.989999771
legendsofeisenwald,19.98999977
pofvscursedkitty,6.989999771
rust,19.98999977
dayonegarrysincident,9.989999771
nihilumbra,7.989999771
companyofheroestalesofvalor,19.98999977
vikingbrothers,9.989999771
pacificliberationforce,4.989999771
dungeonseyeofdraconus,6.989999771
mudfimmotocrossworldchampionship,9.989999771
borderlandsgameofyearedition,29.98999977
sidmeierscivilizationvcompleteedition,49.99000168
masseffectiidigitaldeluxeedition,29.98999977
axisgamefactoryplusfantasysidescrollerplayer,29.98999977
assassinscreedbrotherhood,19.98999977
finalexamivpack,29.98999977
citiesinmotiontokyo,5.989999771
returntomysteriousisland,19.98999977
democracyiii,24.98999977
rpgmakermagnificentquestmusicpack,19.98999977
inmomentum,9.989999771
crazymachineselementsdlccollisioncoursementalactivity,2.99000001
unstoppablegorg,9.989999771
secretofhildegards,6.989999771
haegemoniasolonheritage,4.989999771
flatoutultimatecarnage,19.98999977
magrunnerdarkpulse,9.989999771
grotesquetacticsiidungeonsanddonuts,9.989999771
pacmanchampionshipeditiondxplus,9.989999771
spacefarmers,9.989999771
captainmorganeandgoldenturtle,4.989999771
mightandmagicxlegacy,24.98999977
grannyinparadise,14.98999977
southparkstickoftruth,39.99000168
motogpiiii,39.99000168
dreamcastcollection,20.98999977
silenthunteriii,9.989999771
zombiebowlorama,9.989999771
borderlandspresequel,59.99000168
deadrisingii,19.98999977
ivelements,9.989999771
grandtheftautotrilogy,29.98999977
baronwittardnemesisofragnarok,7.989999771
anewbeginningfinalcut,9.989999771
sidmeierscivilizationiv,19.98999977
flatoutii,9.989999771
roundaboutdeluxeedition,19.98999977
legendary,4.989999771
gomo,7.989999771
opencanvasvi,49.99000168
fallouttacticsbrotherhoodofsteel,9.989999771
pacmanchampionshipeditiondxplusallyoucaneatpack,7.989999771
retrobooster,17.98999977
teleglitchdiemoreedition,12.98999977
bullyscholarshipedition,14.98999977
gridautosport,39.99000168
ednaandharveybreakout,14.98999977
warhammeriv0000spacemarineironhandschapterpackdlc,2.99000001
fantasygroundsivelandsofdarknessiicesspoolsofarnac,7.989999771
wildlifeparkiii,9.989999771
postapocalypticmayhemiiipack,24.98999977
shipsimulatorextremes,19.98999977
galaxyonfireiifullhd,19.98999977
theatreofwariiikorea,19.98999977
railroadtycooncollection,14.98999977
rekoil,14.98999977
grimind,9.989999771
wormsultimatemayhem,14.98999977
luxorvthpassage,9.989999771
sidmeiersacepatrolpacificskies,4.989999771
deadislandryderwhite,19.98999977
guardiansofgraxiaplusmappack,5.989999771
overgrowth,29.98999977
hitmanabsolutioneliteedition,24.98999977
dungeonsanddragonsdaggerdale,7.489999771
alienscolonialmarines,14.98999977
warhammeriv0000killteam,9.989999771
doorwaysunderworld,9.989999771
rpgmakerscifibattlebacks,9.989999771
battleofeurope,9.989999771
ironcladtacticsbloodandironclads,4.989999771
warhammeriv0000spacemarinedreadnoughtdlc,9.989999771
ctspecialforcesfireforeffect,9.989999771
atlantisskypatrol,9.989999771
narcoterror,9.989999771
theatreofabsurd,4.989999771
buildalotivpowersource,2.49000001
alienscolonialmarinesseasonpass,29.98999977
patricianivriseofadynasty,19.98999977
trainzsimulatoriiicoronationscot,9.989999771
commandosiiidestinationberlin,3.99000001
viiviii0moon,3.99000001
otttd,9.989999771
testamentofsherlockholmes,19.98999977
dungeonsdragonsdaggerdale,14.98999977
mechanicescape,4.989999771
doomclassiccomplete,14.98999977
takedownredsabre,4.989999771
demonicondarkeye,39.99000168
doorwayschaptersitoiiicollection,15.98999977
orbitalgearivpack,29.98999977
expendablesiivideogame,14.98999977
talismandigitaleditionfourpack,44.99000168
parkanii,4.989999771
ridetohellretribution,29.98999977
redfactioncollection,59.99000168
sacrifice,9.989999771
riseniiititanlords,49.99000168
massiveassaultphantomrenaissance,9.989999771
assassinscreediideluxeedition,19.98999977
binarydomainmultiplayermappack,1.99000001
fiii0iiii,49.99000168
wallaceandgromitsgrandadventures,19.98999977
fromdepths,19.98999977
jaggedallianceflashback,29.98999977
takedownredsabrefourpack,14.98999977
stormfrontlinenation,9.989999771
pickers,9.989999771
crazymachinesiiinvadersfromspace,2.99000001
kingscrusadecollection,19.98999977
realworldracingivpack,29.98999977
sniperelite,9.989999771
thunderwolves,9.989999771
wormsrevolution,14.98999977
millenniumiiicrywolf,5.989999771
krissx,4.989999771
quantumconundrumseasonpass,9.989999771
ridgeracerunbounded,9.989999771
hitmanbloodmoney,8.989999771
afterfallinsanitydirtyarenaedition,0.99000001
maxpayneiii,19.98999977
heavybullets,9.989999771
glacieriiimeltdown,9.989999771
foreignlegionmultimassacrefourpack,19.98999977
zombietycooniibrainhovsrevenge,9.989999771
thiefcollection,44.99000168
agameofthronesgenesis,19.98999977
exodusfromearth,14.98999977
mxgpofficialmotocrossvideogame,39.99000168
edge,7.989999771
fiii0iii,24.98999977
vampiremasqueradebloodlines,19.98999977
shipsimulatorextremescollection,29.98999977
questrun,8.989999771
viiwondersmagicalmysterytour,6.989999771
disciplesiiiresurrection,19.98999977
deepfritziivdlc,19.98999977
saintsrowthirdfullpackage,19.98999977
magickawizardwarsfounderwizardpack,19.98999977
batmanarkhamcitygameofyearedition,19.98999977
saintsrowfranchisepack,79.98999786
warlockmasterofarcane,19.98999977
mountbladewarband,19.98999977
simsiiiseasons,19.98999977
xpandrallyxtreme,4.989999771
chaosengineiipack,16.98999977
darkesthouraheartsofirongame,9.989999771
darksoulsiiseasonpass,24.98999977
defendersofardania,9.989999771
totalwarshoguniifallofsamurai,29.98999977
heavybulletsepsoundtrack,2.99000001
citiesinmotioniicollection,39.99000168
rambovideogame,39.99000168
orb,4.989999771
neverwinterknightoffeywildpack,59.99000168
hegemonyromeriseofcaesar,29.98999977
callofdutyadvancedwarfareseasonpass,40
kingsbountycrossworlds,14.98999977
risingstorm,19.98999977
coldfear,9.989999771
dungeonsgoldedition,29.98999977
legobatmanvideogame,19.98999977
laracroftandtempleofosiris,19.98999977
victoriaiiahousedivided,9.989999771
overlordii,9.989999771
twotribesclassicspack,9.989999771
rignroll,14.98999977
arcaniafallofsetarrif,14.98999977
tankoperationseuropeancampaign,14.98999977
heroofkingdom,6.989999771
pyromancerpack,19.98999977
darkstone,4.989999771
bomb,11.98999977
aztaka,9.989999771
luxoramunrising,9.989999771
spacesiege,14.98999977
crazymachinesgoldengears,9.989999771
railroadpioneer,4.989999771
hamiltonsgreatadventure,9.989999771
aliensvspredator,14.98999977
nosgothveteranpack,4.989999771
ultrastreetfighterivupgrade,14.98999977
waronfolvos,3.99000001
cabelasbiggamehunterprohunts,29.98999977
mxvsatvreflex,19.98999977
riseniidarkwaterscollection,24.79999924
mightandmagicduelofchampionsforgottenwarspack,69.98999786
puzzlerworldii,4.989999771
kingarthursgoldivpack,29.98999977
shadowgate,19.98999977
bridgeitplus,19.98999977
maxpayneiifallofmaxpayne,9.989999771
titanquest,14.98999977
bindingofisaacrebirthsoundtrack,2.99000001
tropicoiv,19.98999977
luxormahjong,9.989999771
sonicandallstarsracingtransformed,19.98999977
tropicoiiiabsolutepower,9.989999771
falloutnewvegasultimateedition,19.98999977
gasguzzlersextremefourpack,74.98999786
ftlfasterthanlight,9.989999771
wolfensteiniiid,4.989999771
holyavatarvsmaidensofdead,9.989999771
ironcladtacticsdeluxeeditionupgrade,14.98999977
jewelquest,19.98999977
bannersaga,19.98999977
anewreckoning,9.989999771
hardtruckapocalypseriseofclans,5.989999771
infestedplanet,14.98999977
trialsfusionempireofskydlcii,4.989999771
narcoterroriipack,14.98999977
simsiiifastlanestuff,19.98999977
molecontrol,4.989999771
longlivequeen,9.989999771
testdriveunlimitedii,19.98999977
desperadoswanteddeadoralive,4.989999771
gameofthrones,19.98999977
hackerevolution,9.989999771
planetaryannihilation,29.98999977
mudtv,9.989999771
armaiii,59.99000168
doomiiibfgedition,19.98999977
riseniidarkwaters,19.98999977
bloodbowllegendaryedition,19.98999977
moebiusempirerising,29.98999977
tokitoriiiplus,14.98999977
chaosondeponia,19.98999977
facerig,14.98999977
stariontactics,19.98999977
partyofsin,9.989999771
saintsrowivexecutiveprivilegepack,1.99000001
aliensversuspredatorclassicii000,4.989999771
wolfamongus,24.98999977
enclave,4.989999771
verticaldropheroeshd,6.989999771
metrolastlightcompleteedition,19.98999977
childoflight,14.98999977
dishonoredgameofyearedition,29.98999977
houseofi000doorspalmofzoroastercollectorsedition,9.989999771
deadislandepidemicdeadicatedpack,39.99000168
cakemaniamainstreet,6.989999771
painkillercompletepack,69.98999786
neverwinterheroofnorthpack,199.9900055
twoworldsiipiratesofflyingfortress,9.989999771
humanityasset,9.989999771
princeofpersiawarriorwithin,9.989999771
puddle,7.989999771
sniperelitevii,29.98999977
void,9.989999771
rpgmakerdungeonsandvolcanoestilepack,9.989999771
deadislandepidemicpatientzeropack,16.98999977
markofninja,14.98999977
saintsrowivseasonpass,4.989999771
sniperghostwarriorgoldedition,7.989999771
bittripvoidplussoundtrack,11.98999977
leftivdeadii,19.98999977
chivalrydeadliestwarrior,14.98999977
saintsrowivcommanderinchiefpack,1.99000001
dreamchronicleschosenchild,14.98999977
farcry,9.989999771
transistor,19.98999977
postaliicompleteivpack,29.98999977
truckracer,19.98999977
strongholdcrusaderii,49.99000168
magickawizardssurvivalkitdlc,0.99000001
kingsbountywarriorsofnorth,19.98999977
tokitori,4.989999771
spintires,29.98999977
ofguardsandthieves,14.98999977
snipereliteiii,49.99000168
syberiaii,9.989999771
magickavietnamdlc,4.989999771
princeofpersiatwothrones,9.989999771
annoii0vii0,29.98999977
sentineliiihomeworld,6.989999771
awalkindark,6.989999771
mylandsherocouragestarterdlcpack,17.98999977
supersplatters,9.989999771
midnightmysteriesiiidevilonmississippi,9.989999771
starpointgeminiii,34.99000168
howtosurvive,14.98999977
wormsclanwars,24.98999977
dungeonsiegeiii,14.98999977
crashtimeii,9.989999771
lanoiredlcbundle,11.98999977
sealegendsphantasmallightcollectorsedition,4.989999771
crazymachines,9.989999771
guardiansofmiddleearthmithriledition,79.98999786
talesfromdragonmountainstrix,6.989999771
marchofeagles,19.98999977
streetfighterxtekken,29.98999977
eadormastersofbrokenworld,19.98999977
magixmovieeditproii0ivplus,99.98999786
blacklighttangodown,0.99000001
lanoirecompleteedition,29.98999977
kingarthurfallenchampions,4.989999771
whitehavenmysteries,4.989999771
titanquestgold,19.98999977
theatreofwariicentauro,9.989999771
supremecommander,14.98999977
minerwarsii0viiii,19.98999977
wargameeuropeanescalation,9.989999771
fishtycoon,9.989999771
driversanfrancisco,19.98999977
sidmeierscivilizationivbeyondsword,9.989999771
stealthbastarddeluxeplussoundtrack,12.98999977
superstreetfighterivarcadeedition,29.98999977
bastion,14.98999977
commanderconquestofamericascolonialnavy,4.989999771
wormsrevolutionivpack,44.99000168
anomalywarzoneearth,9.989999771
pacmanchampionshipeditiondxplusbigeatercourse,1.99000001
justcausecollection,18.98999977
borderlandsiigameofyearedition,39.99000168
godus,19.98999977
nbaiikiv,59.99000168
warhammeriv0000dawnofwariiretributioncompletedlccollection,54.99000168
deponiatrilogy,47.99000168
gardensincfromrakestoriches,9.989999771
steelstormburningretributionfourpack,39.99000168
bittripcoreplussoundtrack,11.98999977
tombraider,19.98999977
borderzone,4.989999771
tomclancysendwar,9.989999771
raymanravingrabbids,9.989999771
legohobbit,29.98999977
dinertowndetectiveagency,6.989999771
mylandsswiftrisestarterdlcpack,11.98999977
showtime,7.989999771
speedkills,9.989999771
schoolbusfun,7.989999771
heroesovereurope,9.989999771
magickavietnam,4.989999771
dungeonsiegeiiitreasuresofsun,6.989999771
heartsofironiii,9.989999771
flatoutiiichaosdestruction,29.98999977
marchofeaglesivpack,59.99000168
greatpermutator,6.989999771
tankuniversal,14.98999977
fritzchessiiv,39.99000168
professionalfarmerii0iivamericadlc,9.989999771
geminiwarsiipack,29.98999977
portroyaleiiifourpack,74.98999786
deadislandgameofyearedition,19.98999977
magickastarsareleft,5.989999771
falloutapostnuclearroleplayinggame,9.989999771
finalfantasyxivarealmreborn,29.98999977
warofroses,29.98999977
brothersataleoftwosons,14.98999977
assassinscreedivblackflag,39.99000168
worms,7.989999771
damnedivpack,59.99000168
arsenalofdemocracy,9.989999771
omertacityofgangstersiipack,34.99000168
annoii0vii0completeedition,49.99000168
crazymachinesiiliquidforceaddon,2.99000001
frozenhearth,17.98999977
citiesinmotiongermancities,5.989999771
assassinscreediiityrannyofkingwashingtonpartiiiredemption,7.989999771
witcheriiiwildhunt,59.99000168
battlestationsmidway,6.989999771
tombraideranniversary,8.989999771
dukenukemforeverhailtoiconsparodypack,9.989999771
typingofdeadoverkill,19.98999977
secretsofraetikon,9.989999771
eurotrucksimulatorii,24.98999977
nbaiikiiv,29.98999977
maxpayneiiirockstarpass,14.98999977
crazymachineselements,9.989999771
saintsrowivpresidentialpack,2.99000001
mafiaii,29.98999977
kingdomtales,9.989999771
chaosdomain,9.989999771
overlord,4.989999771
ironfisticle,8.989999771
ironcladtacticsdeluxeedition,14.98999977
wavessoundtrack,1.99000001
rpgmakervxace,69.98999786
kingarthurcollection,29.98999977
blazingangelsiisecretmissionsofwwii,9.989999771
zeit,9.989999771
superpandaadventures,3.99000001
tombraidergotyedition,29.98999977
orborun,5.989999771
warofvikingsivpack,74.98999786
farmingsimulatorii0ii,14.98999977
realmsofhaunting,9.989999771
menofwarassaultsquaddlcpack,9.989999771
assassinscreediiideluxeedition,49.99000168
tinybrains,9.989999771
twinsector,4.989999771
irongripwarlord,7.989999771
worldwariipanzerclaws,4.989999771
footballmanagerii0iv,49.99000168
teenagemutantninjaturtlesoutofshadows,14.98999977
industryempire,29.98999977
darkmatterii0iiii,9.989999771
impire,19.98999977
warforoverworldunderlordedition,39.99000168
necrovision,9.989999771
tomclancysrainbowsixvegas,9.989999771
martialartscapoeira,9.989999771
freedomforcevsiiirdreich,7.489999771
conflictdeniedops,5.989999771
crimsonland,13.98999977
bridge,9.989999771
metrofranchisepack,59.99000168
postmortemonemustdieextendedcut,6.989999771
pacmanchampionshipeditiondxpluspacstepsbgm,0.99000001
revengeoftitans,9.989999771
ball,9.989999771
menofwarassaultsquadiideluxeedition,39.99000168
konungii,4.989999771
fortix,0.99000001
murderminers,1.99000001
bejewelediii,4.989999771
mishapiianintentionalhaunting,14.98999977
warfare,19.98999977
totalwarromeii,59.95000076
treasuresofmontezumaiv,6.989999771
darkvoidzero,4.989999771
worldinconflictcompleteedition,9.989999771
deepblackreloaded,29.98999977
samanthaswiftandhiddenrosesofathena,9.989999771
cloudchamber,19.98999977
spacehulkiipack,39.99000168
vikingsandrosesunleashwarpack,44.99000168
rush,4.989999771
menofwarredtide,9.989999771
grandtheftautoepisodesfromlibertycity,19.98999977
hamletorlastgamewithoutmmorpgfeaturesshadersandproductplacement,4.989999771
shadowwarrior,39.99000168
robinhoodlegendofsherwood,2.49000001
ragerunner,4.989999771
nascariiv,19.98999977
stardrive,29.98999977
desperadoscollection,12.98999977
watchdogs,59.99000168
sidmeierscivilizationivcompleteedition,29.98999977
napoleontotalwarcollection,29.98999977
kingarthuriideadlegions,4.989999771
arcaneworlds,9.989999771
blackmirror,9.989999771
lunarflight,9.989999771
xrebirth,49.99000168
strider,14.98999977
fromdust,9.989999771
gearcity,15.98999977
trineii,14.98999977
mountbladewithfiresword,9.989999771
alanwakefranchise,39.99000168
avadonblackfortress,9.989999771
mortalkombatkompleteedition,19.98999977
rpgmakerjsmpartythemes,7.989999771
zombiesolitaire,6.989999771
farmfrenzyiii,9.989999771
tonyhawksproskaterhd,9.989999771
sniperelitenazizombiearmyivpack,44.97000122
actofwardirectaction,9.989999771
companyofheroesiiwesternfrontarmies,19.98999977
qubegameandsoundtrackbundle,12.98999977
darkloremysterieshuntfortruth,4.989999771
montas,9.989999771
napoleontotalwarimperialeaglepack,2.99000001
magickawizardsofsquaretablet,4.989999771
tomoongameandsoundtrackbundle,12.48999977
emergencyii0iiv,29.98999977
brothersinarmsroadtohilliii0,9.989999771
legomovievideogame,29.98999977
jetsetradio,4.989999771
sacrediii,49.99000168
shadowgrounds,6.989999771
bloodomeniilegacyofkain,6.989999771
frontlinesfuelofwar,19.98999977
axisgamefactory,19.98999977
secretofmagiccrystalssoundtrackandcoloringbook,1.99000001
daylight,14.98999977
spacecomivpack,44.99000168
gorkyivii,4.989999771
telltaletexasholdem,2.99000001
warhammeriv0000dawnofwarii,19.98999977
greedblackborder,4.989999771
tropicov,39.99000168
awesomenautscostumepartydlcbundle,14.98999977
transformerswarforcybertron,19.98999977
defiance,59.99000168
dyad,14.98999977
familyguybacktomultiverse,49.99000168
farmingsimulatorii0iiiiofficialexpansion,19.98999977
crouchingponyhiddendragon,9.989999771
castleneverjudgeabookbyitscover,9.989999771
jaggedallianceii,19.98999977
reignconflictofnations,14.98999977
theatreofwariiafricaiixiviii,15.98999977
gianasisterstwistedbundle,17.98999977
iamvegend,6.989999771
magickacollection,39.99000168
alienisolation,49.99000168
megabytepunch,14.98999977
dungeonofendlessfounderpack,19.98999977
kaptainbraweabrawenewworld,9.989999771
ceville,9.989999771
dukenukemforevercollection,39.95000076
iixvivalcatraz,19.98999977
civilizationvcradleofcivilizationdlcbundle,9.989999771
kanelynchiidogdays,9.989999771
fullspectrumwarriortenhammers,9.989999771
cloudberrykingdom,9.989999771
ageofbooty,4.989999771
darksidersii,29.98999977
secretfilespuritascordis,9.989999771
curseeyeofisis,4.989999771
airconflictspacificcarriersivpack,59.99000168
brothersinarmshellshighway,9.989999771
buildalot,9.989999771
sacredcitadel,9.989999771
orcsmustdieiicompletepack,24.98999977
mylandsswiftriseextendeddlcpack,69.98999786
ghostmaster,4.989999771
borderlandszombieislandofdrned,9.989999771
elvenlegacymagic,4.989999771
atrainviii,19.98999977
assassinscreediii,19.98999977
lucius,19.98999977
borderlandsiipsychopack,9.989999771
riseofvenicebeyondsea,9.989999771
chompychompchomp,6.989999771
iamalive,14.98999977
bloodytraplandivpack,29.98999977
runawayaroadadventure,9.989999771
mightandmagicheroesvicompleteedition,39.99000168
spaceengineers,19.98999977
thiefmasterthiefedition,32.99000168
pacificstorm,7.989999771
typerider,6.989999771
swordofstarsiilordsofwinter,29.98999977
endlessspacegold,34.99000168
spellforceiidemonsofpast,19.98999977
bloodofwerewolf,6.989999771
nbaiikiiii,29.98999977
cargoquestforgravity,9.989999771
teslagrad,9.989999771
rysesonofrome,39.99000168
royalquestwelcomepack,4.989999771
warofvikingsbloodeagleedition,34.99000168
saintsrowiv,19.98999977
jetcarstunts,6.989999771
sidmeiersacepatrol,4.989999771
pacmanchampionshipeditiondxplusmountaincourse,1.99000001
timemysteriesfinalenigma,7.989999771
torchlightiiivpack,59.99000168
transformersfallofcybertron,59.99000168
agriculturalsimulatorii0iiextendededition,6.989999771
shipsimulatormaritimesearchandrescue,24.98999977
aloneindark,9.989999771
tomclancysghostreconfuturesoldier,19.98999977
grandtheftautoivcompleteedition,29.98999977
tryst,14.98999977
divinitydragoncommanderivpack,119.9899979
rpgmakerwildwesttilespack,9.989999771
assassinscreediiihiddensecretspack,4.989999771
aiwarcollection,16.98999977
fishfilletsii,4.989999771
guiltygearisuka,9.989999771
monacowhatsyoursismine,14.98999977
coldwar,4.989999771
crusaderkingsii,39.99000168
faerylegendsofavalon,9.989999771
maxpayneiiihostagenegotiationpack,4.989999771
farmfrenzyii,4.989999771
secretfilessampeters,9.989999771
streetfighteriv,19.98999977
postapocalypticmayhem,9.989999771
cabelasafricanadventures,39.99000168
homefront,19.98999977
finalfantasyiv,15.98999977
kingsbountycollectorspack,54.99000168
xsuperbox,39.99000168
wastelandangel,9.989999771
graymatter,9.989999771
bioshockinfiniteburialatseaepisodeii,14.98999977
cricketcaptainii0iiv,24.98999977
ageofempiresiiicompletecollection,39.99000168
wargamefranchisepack,49.99000168
yesterday,9.989999771
clockworktalesofglassandink,7.989999771
nbaiikii,19.98999977
dustforcesoundtrackbundle,12.98999977
skyscrapersimulator,9.989999771
gyromancer,5.989999771
luxorevolved,9.989999771
magickapartyrobesdlc,1.99000001
millenniumanewhope,5.989999771
pandorafirstcontact,29.98999977
narutoshippudenultimateninjastormiiifullburst,29.98999977
bloodknights,14.98999977
crusaderkingscomplete,9.989999771
pacificstormallies,7.989999771
wildlifeparkiimarineworld,3.99000001
dmcdevilmaycry,49.99000168
deadislandbloodbatharena,19.98999977
mightyquestforepiclootsupplypack,6.989999771
warlockiiexiledlordedition,39.99000168
alienscolonialmarinesbughuntdlc,9.989999771
mylandsgoldenagepremiumdlcpack,34.99000168
serioussamcompletepack,99.98999786
luxoriihd,9.989999771
sonichedgehogivepisodeii,14.98999977
bunchofheroesfourpack,14.98999977
callofdutyadvancedwarfare,59.99000168
ufoaftershock,4.989999771
startrekonlinelegacypack,159.9900055
assassinscreedliberationhd,19.98999977
shinyfirefly,9.989999771
farcryiiiblooddragon,14.98999977
dogfightiixivii,9.989999771
enola,14.98999977
sleepingdogsdlccollection,54.99000168
stariontacticsiiipack,39.99000168
paydayheist,19.98999977
lastfederationbetrayedhopebeta,6.989999771
tropicoreloaded,6.989999771
westward,14.98999977
awesomenautspowerpack,17.98999977
soulbringer,9.989999771
guildii,9.989999771
rushbrosiipack,14.98999977
enslavedodysseytowestpremiumedition,19.98999977
fluttabyes,4.989999771
dungeondefenders,14.98999977
soulgambler,4.989999771
armadaiiviivigoldedition,19.98999977
aveyondgatesofnight,9.989999771
z,6.989999771
footballmanagerii0iiv,29.98999977
lume,5.989999771
specialforcesteamx,9.989999771
crazymachinesiitimetraveladdon,4.989999771
raymanorigins,9.989999771
magickamarshlandsdlc,1.99000001
shadowgroundssurvivor,34.99000168
hammerwatchivpack,29.98999977
serioussamiiibfe,39.99000168
farmfrenzypizzaparty,4.989999771
foreignlegionbucketsofblood,4.989999771
trystpremiumedition,19.98999977
litecamandroidnorootandroidscreenrecorder,29.98999977
crazymachinesiicomplete,24.98999977
baldursgateiienhancededition,24.98999977
ptboatsgold,14.98999977
lifelessplanet,19.98999977
reaxxion,9.989999771
steelandsteamepisodei,9.989999771
airconflictssecretwars,9.989999771
narutoshippudenultimateninjastormrevolution,49.99000168
assassinscreediiityrannyofkingwashingtonpartiibetrayal,9.989999771
deadrisingiii,49.99000168
simsiiiintofuture,19.98999977
wrcpowerslide,9.989999771
twoworldsiivelvetedition,24.98999977
mightandmagicduelofchampionsadvancedpackii,14.98999977
xcomenemyunknownelitesoldierpack,4.989999771
trappeddead,9.989999771
secretfilesfranchisepack,39.99000168
sonichitscollection,112.9899979
blackbayasylum,19.98999977
mysterycasefilesravenhearst,9.989999771
gasguzzlersextremefullmetalfrenzy,4.989999771
hospitaltycoon,4.989999771
elderscrollsvskyrim,19.98999977
planetsunderattack,9.989999771
wormscrazygolf,9.989999771
vikingbattleforasgard,14.98999977
comiporpgcostume,17.98999977
sudokuballdetective,9.989999771
godfactorywingmen,19.98999977
startopia,6.989999771
wrcivfiaworldrallychampionship,29.98999977
elmatador,4.989999771
vertiginousgolf,14.98999977
grandtheftautovicecity,9.989999771
deusexfall,9.989999771
citiesinmotioniitrekkingtrolleys,4.989999771
walkingdeadiv00days,4.989999771
pandoraeclipseofnashira,9.989999771
realboxing,9.989999771
borderlandssecretarmoryofgeneralknoxx,9.989999771
elvenlegacyranger,4.989999771
soldiersheroesofworldwarii,4.989999771
mahjongquest,9.989999771
kingsbountyarmoredprincess,14.98999977
elderscrollsvskyrimhearthfire,4.989999771
tomclancyshawx,9.989999771
annoii0vii0deepocean,19.98999977
scarygirl,6.989999771
extremeroadsusa,14.98999977
totalwargrandmastercollection,164.9900055
jackkeane,9.989999771
sidmeierscivilizationbeyondearth,49.99000168
metalgearrisingrevengeance,29.98999977
citylifeii00viii,9.989999771
zombietycooniibrainhovsrevengetwopack,14.98999977
redorchestraostfrontiviivv,9.989999771
batmanarkhamorigins,19.98999977
agfprozombiefpsplayer,29.98999977
navalwarfare,2.99000001
adamsventureepisodeiiirevelations,4.989999771
lostplanetiii,49.99000168
qubedirectorscut,9.989999771
htrplusslotcarsimulation,19.98999977
angvik,2.99000001
legolordofrings,19.98999977
crazymachinesiijeweldiggerdlc,2.99000001
iixviiikgbunleashed,9.989999771
millenniumivbeyondsunset,5.989999771
angelicaweavercatchmewhenyoucan,13.98999977
finalfantasyvii,11.98999977
awesomenautsblastfrompastdlcbundle,5.989999771
eastindiacompanycollection,14.98999977
ironfrontliberationiixiviv,24.98999977
awizardslizard,14.98999977
empiretotalwarcollection,34.99000168
thirdeyecrime,4.989999771
tomclancysghostreconadvancedwarfighter,9.989999771
promisedland,6.989999771
menofwarcondemnedheroes,19.98999977
worldtruckracing,9.989999771
journeyofaroach,14.98999977
acitysleepsdeluxeedition,17.98999977
allaspectwarpack,29.98999977
watchdogsdigitaldeluxeedition,69.98999786
professionalfarmerii0iivcollectorsedition,29.98999977
futurewars,4.989999771
pandemonium,6.989999771
grotesquetacticsevilheroes,9.989999771
maxpayneiiipainfulmemoriespack,4.989999771
darkout,14.98999977
stalkershadowofchernobyl,19.98999977
citiesxlplatinum,29.98999977
questforinfamy,19.98999977
bookofunwrittentalescritterchronicles,19.98999977
warhammeriv0000dawnofwarmastercollection,37.99000168
goldenrealmsexpansion,11.98999977
serioussamhddoublepack,29.98999977
zsteelsoldiers,12.98999977
racingmanagerii0iiv,19.98999977
mondaynightcombativpack,14.98999977
navalwararcticcircleoperationtarnhelm,4.989999771
magickawatchtowerdlc,1.99000001
warriorkings,9.989999771
taleoftalescompletepack,21.96999931
sniperghostwarriorii,19.98999977
realwarfareiiiivii,14.98999977
magicmaker,9.989999771
menofwarassaultsquadii,34.99000168
demonlisher,4.989999771
roundaboutdeluxeeditioncontent,4.989999771
kanelynchdeadmen,6.989999771
ninjablade,19.98999977
europauniversalisiii,14.98999977
darkestofdays,19.98999977
storminateacup,4.989999771
mysterycasefilesreturntoravenhearst,9.989999771
gianasisterstwisteddreamsriseofowlverlord,4.989999771
tomclancysghostreconfuturesoldierravenstrikedlc,14.98999977
sidmeierscivilizationv,29.98999977
victoriaiiaheartofdarkness,19.98999977
magickafrozenlakedlc,1.99000001
returntomysteriousislandii,19.98999977
divinitydragoncommander,39.99000168
grandtheftautoiv,19.98999977
hive,18.98999977
epicspaceonline,29.98999977
paydayii,29.98999977
mysterycasefilesprimesuspects,9.989999771
oddworldmunchsoddysee,4.989999771
supremecommandergoldedition,19.98999977
spacecomiipack,24.98999977
scourgeoutbreakambrosiabundle,8.989999771
spacerangershdawarapart,19.98999977
hunteddemonsforge,19.98999977
citizenpack,49.99000168
murderminersivpack,4.989999771
tomclancyssplintercelldoubleagent,9.989999771
skullgirlsiipack,24.98999977
xiiiterranconflict,15.98999977
coloniesonline,14.98999977
mightandmagicclashofheroes,9.989999771
jaggedalliancebackinaction,29.98999977
painkillerhellanddamnationdlcbundleii,14.98999977
desperadosiicoopersrevenge,9.989999771
battlepaths,4.989999771
maelstrom,4.989999771
dinerdashhometownhero,9.989999771
geminiwars,14.98999977
obludia,8.989999771
logicbots,19.98999977
laracroftandguardianoflight,9.989999771
roogoo,2.99000001
empiretotalwar,19.98999977
eastindiacompany,9.989999771
heartsofironiiicollection,44.99000168
mylandsnomadartifactdlcpack,99.98999786
spoileralert,2.99000001
assassinscreedrevelations,19.98999977
alphazylon,4.989999771
alanwakecollectorsedition,34.99000168
menofwarassaultsquad,14.98999977
middleearthshadowofmordorseasonpass,24.98999977
blackice,9.989999771
brink,19.98999977
showdowneffect,9.989999771
warofroseskingmaker,19.98999977
contrast,14.98999977
nextcargame,29.98999977
gothiciii,9.989999771
pacmanchampionshipeditiondxplusallyoucaneatedition,14.98999977
assassinscreediiityrannyofkingwashingtonpartiinfamy,9.989999771
manofprey,9.989999771
pacmanchampionshipeditiondxplusrallyxskin,1.99000001
operationflashpointredriver,9.989999771
crazytaxi,7.989999771
roadredemption,19.98999977
pacmanandghostlyadventures,19.98999977
elvenlegacycollection,14.98999977
hoardivpack,29.98999977
draculatrilogy,14.98999977
outlast,19.98999977
dishonoreddunwallcitytrials,4.989999771
lanoire,19.98999977
beyondgoodandevil,9.989999771
totalwarshogunii,29.98999977
amnesiacollection,34.99000168
grandtheftautosanandreas,14.98999977
assassinscreedrevelationslostarchive,9.989999771
mightyquestforepiclootattackerpack,9.989999771
lostplanetii,19.98999977
ancientspace,19.98999977
xiiiterranwarpack,19.98999977
deathtospiesmomentoftruth,14.98999977
endlessspacedisharmony,9.989999771
lastfederation,19.98999977
rocksmithii0iiv,59.99000168
titanquestimmortalthrone,14.98999977
warhammeriv0000dawnofwariiretribution,29.98999977
trijinx,6.989999771
monstermash,4.989999771
assassinscreediiiseasonpass,29.98999977
legendsofpegasus,33.99000168
metaldriftivpack,29.98999977
realwarfareiinortherncrusades,19.98999977
gumboycrazyadventures,199.9900055
spellforceiifaithindestiny,14.98999977
bangbangracing,9.989999771
afterfallinsanityextendededition,4.989999771
strongholdcollection,19.98999977
riseoftriadivpack,44.99000168
citiesinmotioniiwendingwaterbuses,4.989999771
trystivpack,44.99000168
hitmancollection,39.99000168
skullgirlsivpack,44.99000168
projecttemporality,14.98999977
justcause,6.989999771
wingsovereurope,9.989999771
sidmeierspirates,9.989999771
legomarvelsuperheroes,19.98999977
necrovisionlostcompany,14.98999977
deadislandepidemiccontagionpack,44.99000168
falloutiii,9.989999771
quantz,9.989999771
dungeonland,9.989999771
hotelcollectorsedition,9.989999771
serioussamhdsecondencounterfourpack,59.99000168
returntocastlewolfenstein,9.989999771
demolitioncompanygoldedition,12.48999977
stariontacticsvipack,89.98999786
singularity,29.98999977
magickagamerbundle,1.99000001
bureauxcomdeclassified,19.98999977
comipobusinessperson,14.98999977
tomclancyssplintercellconvictiondeluxeedition,24.98999977
twoworldsiicastledefense,9.989999771
magickawizardwarssaltypiratepack,19.98999977
skydrift,9.989999771
sinisterstoriesbundle,59.99000168
mahjongtowerseternity,9.989999771
deadhungrydiner,6.989999771
summerathletics,19.98999977
nearimpact,9.989999771
escapefromparadiseii,9.989999771
riseofvenice,24.98999977
magickawizardwarsoozingshamanpack,19.98999977
strongholdcrusaderiispecialedition,59.99000168
buccaneerpursuitofinfamy,9.989999771
disciplesiigalleansreturn,6.489999771
starvoid,9.989999771
ghostbusterssanctumofslime,9.989999771
eurotrucksimulatoriiukpaintjobspack,0.99000001
perimeter,4.989999771
elvenlegacysiege,4.989999771
kranxcompletepack,14.98999977
leviathanwarships,9.989999771
genesisrising,4.989999771
alienbreediiidescent,9.989999771
europauniversalisiiichronicles,29.98999977
guildwarseyeofnorth,19.98999977
urbanchaos,6.989999771
darksiders,19.98999977
puzzlequestii,9.989999771
screencheat,14.98999977
agfprofantasysidescrollerplayer,14.98999977
empressofdeep,4.989999771
trialsevolutiongoldedition,19.98999977
heliheroes,4.989999771
injusticegodsamongusultimateedition,19.98999977
pacmanmuseum,19.98999977
tomclancyshawxii,9.989999771
mightandmagicduelofchampionsstarterpack,14.98999977
restaurantempireii,19.98999977
comipoofficewear,19.98999977
kingsbountyplatinumedition,24.98999977
hitmaniisilentassassin,6.989999771
elderscrollsvskyrimlegendaryedition,39.99000168
dishonoredbrigmorewitches,9.989999771
sonicsegaallstarsracing,14.98999977
stalinsubway,3.99000001
quantumconundrum,8.989999771
towerwarsfriendpack,13.98999977
serioussamhdfirstencounterfourpack,44.99000168
amazingspidermanii,39.99000168
tomclancyssplintercellblacklistdeluxeedition,39.99000168
undergarden,6.989999771
constructionmachinesii0iiv,9.989999771
victoriacollection,39.99000168
balladofsolar,6.989999771
sonichedgehogivepisodei,9.989999771
tombraidercollection,79.98999786
lostplanetextremeconditioncoloniesedition,19.98999977
mightandmagicduelofchampionsheartofnightmarespack,24.98999977
alienbreediiassault,9.989999771
tinybangstory,4.989999771
railroadx,39.99000168
worldwariiiblackgold,4.989999771
binarydomaindanmarshallpack,1.99000001
postmortem,7.989999771
flashback,9.989999771
totalwarshoguniifallofsamuraicollection,39.99000168
iesabel,14.98999977
warhammeriv0000spacemarinedeathguardchampionchapterpackdlc,2.99000001
infectedtwinvaccinecollectorsedition,13.98999977
crazymachinesiv,9.989999771
draculalovekills,9.989999771
azada,9.989999771
tropicotrilogy,19.98999977
pacmanchampionshipeditiondxplusreentrancebgm,0.99000001
residenteviloperationraccooncity,29.98999977
acecombatassaulthorizonenhancededition,19.98999977
pixelpiracy,9.989999771
litecami00fpsgamecapture,29.98999977
warriorkingsbattles,9.989999771
lordsoffootball,14.98999977
alterego,9.989999771
mightandmagicduelofchampionsworldchampionii0iiiipack,24.98999977
bioshockinfinite,29.98999977
sidmeierscivilizationbeyondearthclassicsbundle,69.98999786
settlersheritageofkings,9.989999771
farminggiant,14.98999977
munin,9.989999771
globalopscommandolibya,14.98999977
sidmeiersrailroads,9.989999771
crazymachinesii,14.98999977
guiltygearxiireload,9.989999771
omertacityofgangstersgoldedition,29.98999977
ironcladtacticsriseofdmitry,4.989999771
monochroma,19.98999977
arcaniagothiciv,19.98999977
redfaction,9.989999771
justcauseii,14.98999977
companyofheroesiidigitalcollectorsedition,79.98999786
rekoiliiipack,29.98999977
sleepingdogscollection,39.99000168
battlestationspacific,8.989999771
tomclancyssplintercellchaostheory,9.989999771
magickawizardwarsflaminghelriderpack,19.98999977
braveland,4.989999771
hackerevolutionuntold,9.989999771
magickafinalfrontierdlc,2.99000001
light,12.98999977
airconflictspacificcarriers,19.98999977
dungeonsofdredmorcompletepack,6.989999771
worldinconflictsovietassault,9.989999771
rometotalwaralexander,4.989999771
flatout,7.489999771
dirtshowdown,14.98999977
shadowgatespecialedition,29.98999977
flatoutcompletepack,39.99000168
gasguzzlersextreme,24.98999977
farmmachineschampionshipsii0iiv,9.989999771
commandosiimenofcourage,3.99000001
mirrormysteries,4.989999771
castlevanialordsofshadowii,39.99000168
elderscrollsvskyrimdawnguard,19.98999977
defianceseasonpass,39.99000168
cannonbrawltwopack,19.98999977
princessisabellareturnofcurse,4.989999771
bioshockinfiniteseasonpass,19.98999977
heartsofironiicomplete,14.98999977
navalwararcticcircle,19.98999977
airlinetycoonii,19.98999977
deadrisingiioffrecord,29.98999977
finalfantasyiii,15.98999977
falloutiiapostnuclearroleplayinggame,9.989999771
trialsfusion,19.98999977
civcityrome,9.989999771
defensegridiispecialedition,29.98999977
companyofheroes,9.989999771
massiveassault,9.989999771
dungeonofendless,12.98999977
middleearthshadowofmordorpremiumedition,74.98999786
inversion,9.989999771
borderlands,19.98999977
cosmonautica,9.989999771
farcryiifortunesedition,9.989999771
rhiannoncurseoffourbranches,5.989999771
dynastywarriorsviiixtremelegendscompleteedition,49.99000168
clickr,4.989999771
walkingdeadsurvivalinstinct,49.99000168
transformersriseofdarkspark,49.99000168
nppdrushmilkofultraviolet,3.99000001
konungiiitiesofdynasty,4.989999771
hauntedhouse,19.98999977
machinesatwariii,14.98999977
cave,14.98999977
heartsofironiiisemperfi,7.989999771
europauniversalisivconquestcollection,59.99000168
hellyeahwrathofdeadrabbit,14.98999977
wargameairlandbattle,19.98999977
eleusis,14.98999977
gothiciigoldedition,9.989999771
puzzlekingdoms,14.98999977
dishonored,19.98999977
gianasisterstwisteddreams,14.98999977
blackink,99.98999786
mountblade,9.989999771
viiviii0moondeluxeedition,5.989999771
heartsofironiiitheirfinesthour,9.989999771
professionalfarmerii0iiv,19.98999977
warhammeriv0000spacemarine,29.98999977
citiesinmotioniandiicollection,84.98999786
finalfantasyviii,11.98999977
simcityivdeluxe,19.98999977
darkcultofdeaddlc,4.989999771
substancepainter,149.9900055
gabrielknightsinsoffathersii0thanniversaryedition,19.98999977
saintsrowivgrassrootspack,2.99000001
antichamber,19.98999977
midnightmysteriesedgarallanpoeconspiracy,9.989999771
worldofzoo,14.98999977
mightandmagicduelofchampionsadvancedpacki,14.98999977
warehouseandlogisticssimulator,14.98999977
heroesofmightandmagicvtribesofeast,9.989999771
psichodelya,6.989999771
flock,4.989999771
citiesinmotion,19.98999977
bioshockinfiniteburialatseaepisodei,14.98999977
realmsofarkaniabladeofdestiny,19.98999977
metrolastlightseasonpass,14.98999977
abysswraithsofeden,7.989999771
zenfishsim,9.989999771
boundbyflame,39.99000168
battlevschess,14.98999977
fordstreetracing,4.989999771
mightyquestforepiclootultimatepack,49.99000168
battleworldskronos,19.98999977
trialsfusiondeluxeedition,39.99000168
infinityrunner,9.989999771
hauntedpastrealmofghosts,4.989999771
chains,4.989999771
janeangeltemplarmystery,4.989999771
rometotalwarcomplete,5.989999771
sonicadventureii,9.989999771
sidmeiersacepatrolbundle,6.989999771
gauntlet,19.98999977
murderedsoulsuspect,49.99000168
chivalrymedievalwarfare,24.98999977
kungfustrikewarriorsrise,9.989999771
supermeatboy,14.98999977
deusexgameofyearedition,6.989999771
magickaothersideofcoin,4.989999771
magicite,9.989999771
metroii0iiiiii,14.98999977
orderofwar,7.989999771
cannonbrawl,14.98999977
painkillerhelldamnationdlcbundlei,14.98999977
assassinscreediiibattlehardenedpack,9.989999771
nbaiiki0,19.98999977
airconflictscollection,44.99000168
